City,Avg_Heat_Risk,Avg_Air_Quality_Risk,Avg_Environmental_Risk
Houston,48.90199513697349,44.13568161652547,46.51883837674948
Phoenix,49.61917122525946,32.63004521261093,41.12460821893519
NY,39.988444079282516,32.33288536891867,36.16066472410059
LA,34.6781344311175,35.13043513522083,34.90428478316916
Sacramento,35.76071006734686,33.29767639970612,34.529193233526485
Seattle,47.65921975282165,11.915097936641743,29.7871588447317
